word_data.words,word_data.dot.x,word_data.p_values_dot.x,word_data.n_g1.x,word_data.n_g2.x,word_data.dot.y,word_data.p_values_dot.y,word_data.n_g1.y,word_data.n_g2.y,word_data.n,word_data.n.percent
Group1*,-1.67183086524175,0.189748551652702,0,0,-0.0651872205357902,0.903892574069111,0,0,0,0.0
Group2*,1.37277081274703,0.207299349197236,0,0,3.10878978553145,1.20441659565627e-05,0,0,0,0.0
projected_embedding,3.04460167798877,0.0081039196714269,0,0,3.17397700606724,8.02944397104181e-06,0,0,0,0.0
able,1.415752508698,0.194196975232559,0,1,2.98881883757154,1.80662489348441e-05,0,0,1,0.0010121457489878
accepting,0.732349301634857,0.450862584662574,-1,1,1.39990909073958,0.0395771293332651,-1,1,3,0.0030364372469635
accord,2.04365854489757,0.0651103875508377,0,1,3.44556127768783,4.01472198552091e-06,0,1,1,0.0010121457489878
active,1.46271090109514,0.180187251331917,0,1,1.91506328145196,0.0089508226667188,0,1,1,0.0010121457489878
adaptability,2.40249845760448,0.0310847649522035,0,0,0.959513311614082,0.113441991783871,0,0,1,0.0010121457489878
admiring,0.160765384700897,0.839292668532221,0,0,1.58302468588524,0.0255175729399709,0,0,1,0.0010121457489878
adrift,-2.63743677040668,0.0244904186255656,-1,0,-3.1729691125501,4.21545808479695e-05,-1,0,1,0.0010121457489878
affinity,1.02646885135037,0.320009474981632,0,1,2.23731823733862,0.0032438953643008,0,1,1,0.0010121457489878
agreeing,1.61652402908769,0.13992058680649,0,1,2.118142916064,0.0049963215109807,0,0,1,0.0010121457489878
alcohol,-2.15059684321573,0.0822376212978316,-1,0,-1.78140500943184,0.0212137909714925,0,0,1,0.0010121457489878
alert,-0.65532575552956,0.54585730517069,-1,0,0.164194670021982,0.668425114896325,0,0,1,0.0010121457489878
alive,0.531578039604044,0.558012180972149,0,1,0.104681389045946,0.733770737293656,0,0,1,0.0010121457489878
allocated,-0.178707052012169,0.895291415907531,0,1,0.0253625753350682,0.815763404403949,0,0,1,0.0010121457489878
alone,-1.53132650207119,0.229035599433107,-1,0,-2.340931004785,0.0021940455650871,-1,0,1,0.0010121457489878
amazed,-1.41290486916678,0.266702666243772,0,1,-0.748150009814425,0.404993109733392,0,1,1,0.0010121457489878
ambition,0.237205233173009,0.776392440891772,0,0,0.634496452409412,0.261191790295012,0,0,1,0.0010121457489878
ambivalent,-2.0067678209834,0.10859091766803,-1,0,-3.8142539670525,2.00736099276045e-06,0,0,1,0.0010121457489878
amiable,5.25453316548677,2.00741136275128e-06,0,1,3.52801753309724,1.0036794890067e-06,0,0,1,0.0010121457489878
amicable,2.79960342520346,0.0138571606370721,-1,1,1.06831676361262,0.0873784166538697,-1,1,2,0.0020242914979757
amity,1.65093940155722,0.131569755537444,0,0,0.199459483623161,0.629098905687155,0,0,1,0.0010121457489878
amused,-0.994027022593357,0.401432087266187,0,1,-1.04743623861718,0.202691268882994,0,0,1,0.0010121457489878
anger,-4.62675063842446,0.0004315934429915,-3,0,-4.37528253937362,1.0036794890067e-06,-3,1,5,0.0050607287449392
angry,-4.36522286803271,0.0010197649722776,-4,0,-4.7302449743743,1.0036794890067e-06,-3,0,4,0.0040485829959514
animals,0.799959923915252,0.417740297177178,0,0,0.629355212875117,0.264395538439458,0,0,1,0.0010121457489878
anxiety,-3.63012004797093,0.0061848344086366,-2,0,-4.29146032794636,1.0036794890067e-06,-2,0,3,0.0030364372469635
anxious,-3.21342702882352,0.010241812772757,-6,1,-3.36207071300285,1.20441659565627e-05,-6,0,8,0.0080971659919028
apathy,-3.55025409352261,0.0067368725333932,0,0,-4.70273221086849,1.0036794890067e-06,0,0,1,0.0010121457489878
appealing,0.40049201065095,0.645551375679007,0,1,1.86936690893499,0.0102395484240711,0,0,1,0.0010121457489878
applaud,2.33545721438532,0.035318395516246,0,1,0.506372957250818,0.347548460203567,0,0,1,0.0010121457489878
appreciative,1.17778741857851,0.27018151013542,0,0,-1.33804338772025,0.0911141154613969,0,1,1,0.0010121457489878
art,2.20603633686324,0.046762647695291,0,0,3.2897045801312,6.02208297828136e-06,0,0,1,0.0010121457489878
artistic,1.95821741235438,0.0755930896871249,0,0,2.58237210648566,0.0003673470616751,0,0,1,0.0010121457489878
ashamed,-4.24258713555558,0.0017504627083191,-2,0,-3.51280305046016,6.02208297828136e-06,-1,0,2,0.0020242914979757
aspiration,-0.588329275040256,0.582062976509272,0,0,-0.873836190727787,0.308091772529867,0,0,1,0.0010121457489878
aspiring,0.249630503538999,0.766275087623506,-1,0,1.843479323034,0.0111067283729436,0,0,1,0.0010121457489878
assertiveness,1.81553831122192,0.0971908285389659,0,0,-0.768480545272349,0.388356101825394,0,0,1,0.0010121457489878
asset,0.729956176476269,0.452054987012048,0,0,1.8990738885453,0.0094486481929234,0,1,1,0.0010121457489878
asymmetrical,-2.5223891017916,0.0338790815691533,-1,0,-5.74691123466738,1.0036794890067e-06,-1,0,1,0.0010121457489878
at,0.361234652156154,0.675457790161275,0,1,1.68832390422766,0.0183472794738305,0,1,1,0.0010121457489878
attentive,4.10983064692293,3.6133404529523e-05,0,3,-0.271912204916576,0.880091294777951,0,1,3,0.0030364372469635
attitude,1.32938596240139,0.22117256912521,0,1,1.38480428543666,0.0408658550906173,0,0,1,0.0010121457489878
aware,0.381118975899942,0.660010759724904,0,1,1.31565601319953,0.0473998151220526,0,2,4,0.0040485829959514
awareness,0.616614151761762,0.509689774648,0,0,1.56250263170289,0.0269448066058236,0,0,1,0.0010121457489878
awkward,-1.76049008622119,0.167215359105819,-1,0,-2.71851526019971,0.0001846772113339,-1,0,1,0.0010121457489878
balance,1.88924954573031,0.0849516414602713,-2,1,2.41851355181173,0.0010538645211992,-3,2,7,0.0070850202429149
balanced,1.34472385817192,0.216015529334302,0,1,2.65376373669141,0.0002649716510443,-1,3,8,0.0080971659919028
beautiful,0.381055848249015,0.660048900540797,0,0,0.113316523848702,0.72413138980642,0,1,1,0.0010121457489878
beauty,1.62735856500131,0.137327011325815,0,0,1.15830415757723,0.0691676377275469,0,0,1,0.0010121457489878
beginnings,-0.558099540920138,0.600220012285357,0,0,-0.147790672784367,0.985879219096427,0,1,1,0.0010121457489878
behind,-1.44967684780556,0.255081761864805,-1,0,-0.413185569675262,0.721947381046297,-1,0,1,0.0010121457489878
being,1.49953026360843,0.169738675188797,0,1,2.18532315285986,0.0040428250394195,0,0,1,0.0010121457489878
best,1.50814709525358,0.167285618503515,0,1,2.46460147725694,0.0007045837084589,0,0,1,0.0010121457489878
bills,-0.964463716013268,0.412195826993259,0,0,-0.737823195213114,0.413921851429191,0,0,1,0.0010121457489878
birds,0.658830032154117,0.48719472291701,0,0,0.220844992468013,0.605269523342095,0,0,1,0.0010121457489878
bitterness,-3.09729010020796,0.0118698233879483,-1,0,-2.25748287467413,0.0027661434480239,0,0,1,0.0010121457489878
bliss,1.48276436521922,0.174297506393605,0,0,1.86475699696432,0.0103820710545571,0,0,1,0.0010121457489878
bonding,0.96416550038737,0.343498195337185,0,0,2.39663137030397,0.0012084313176417,-1,0,1,0.0010121457489878
bored,-1.94113681116842,0.122444063482377,0,0,-1.26980019158928,0.111591204948546,0,0,1,0.0010121457489878
boring,-0.39496410778396,0.718787764426262,-1,0,-0.380197134644448,0.758009621281238,-1,0,1,0.0010121457489878
brotherhood,-0.0497461216329137,0.99243406657379,0,0,1.19572301642651,0.0628043033804963,-1,0,1,0.0010121457489878
burdened,-3.60946299215349,0.0063313754381175,-1,0,-4.90962694342778,1.0036794890067e-06,-1,0,1,0.0010121457489878
busy,-0.200221657701605,0.878880828017039,0,0,0.0041127049069222,0.83704143092721,-1,0,2,0.0020242914979757
calm,2.29518524095899,0.0384138238376084,-2,11,2.74070033928103,0.0001485447134642,-1,11,21,0.0212550607287449
capable,3.34661708547249,0.0029789984623229,0,0,3.27543178627379,6.02208297828136e-06,0,0,2,0.0020242914979757
carefree,3.85557350093671,0.0002228226612653,0,1,1.2835266636522,0.0509749250501589,0,0,1,0.0010121457489878
careful,0.851475900573166,0.393055159649426,0,0,1.94229986555841,0.0082843788171223,0,0,1,0.0010121457489878
caring,0.732411097862067,0.450826451258045,-1,3,1.40828706810408,0.0388685309028206,0,2,6,0.0060728744939271
centred,0.475923781961034,0.59293310903857,0,0,2.06266980770946,0.0057832070201428,0,0,1,0.0010121457489878
certain,1.03355718356518,0.317484151487291,0,0,2.38471676158815,0.0013288729772074,0,0,1,0.0010121457489878
change,-0.716738256174161,0.515649778984009,0,0,-0.0186197140836207,0.859184630038351,0,1,1,0.0010121457489878
chaos,-2.19026429549082,0.0759564311437829,0,0,-1.95221073888431,0.0102897324488901,0,0,1,0.0010121457489878
cheerful,1.00571408275925,0.327414815498822,0,1,0.986754315725945,0.106745435512023,0,1,3,0.0030364372469635
cherish,4.48279695976082,1.20444681765077e-05,0,0,3.73193244493653,1.0036794890067e-06,0,1,1,0.0010121457489878
cherished,2.04756350092742,0.0646065272987871,0,1,0.42167918042761,0.412340050966896,0,2,2,0.0020242914979757
children,1.85519160617874,0.0902130666420424,0,1,1.68308634457522,0.0186624351496939,0,1,2,0.0020242914979757
choppy,1.54160784747773,0.158404830634703,0,0,0.165997214051455,0.666429798069521,0,0,1,0.0010121457489878
clash,-1.08627700865919,0.369624654223393,-1,0,-0.425236456289668,0.709034027779869,-1,0,2,0.0020242914979757
clean,2.53644075343845,0.0240066324871425,0,1,2.60682266487459,0.0003251924808271,0,0,1,0.0010121457489878
clear,2.14846721610445,0.0529494895152905,0,0,2.84182468879929,5.62061077972927e-05,0,2,3,0.0030364372469635
clothes,0.144177365069466,0.852780465478547,-1,0,0.544595330159673,0.320477189855199,0,0,1,0.0010121457489878
clumsy,-0.888803262699159,0.440733186926131,-1,0,0.363915237949951,0.46183555096539,-1,0,1,0.0010121457489878
cold,-2.53065720175257,0.033009872449082,0,0,-3.23997229466039,3.21177758841672e-05,-1,0,1,0.0010121457489878
collected,0.93490017574916,0.35554065610233,0,1,1.96566994018543,0.0077223177391494,0,1,1,0.0010121457489878
colour,0.106063628101627,0.883726719046721,0,0,1.00293687829949,0.102796956439263,0,0,1,0.0010121457489878
colourful,0.960156243359548,0.345108139250111,0,0,2.32206942695176,0.0020595523785722,0,1,1,0.0010121457489878
comfort,1.98836761981442,0.0718572971410447,0,2,1.60543140811203,0.0238875958138494,0,2,2,0.0020242914979757
comfortable,2.30663800166256,0.0375827555334294,0,3,2.82553957977483,7.02576347466158e-05,-1,2,5,0.0050607287449392
comfy,3.9804119509532,7.82890431472998e-05,0,0,1.18780713050062,0.0640609113619643,0,1,1,0.0010121457489878
communion,0.609144158016797,0.513778871593925,0,0,1.80058692305902,0.0126804993912678,0,1,1,0.0010121457489878
compassion,0.814671925806529,0.410391164178146,0,0,1.03088714483684,0.0959518554539496,0,0,1,0.0010121457489878
compatibility,2.20400270317234,0.0469694110656544,-1,0,2.84803384191919,5.21913858117718e-05,-1,0,1,0.0010121457489878
compatible,1.82726538291413,0.0951131577785183,0,1,2.89671929963558,3.21177758841672e-05,0,1,2,0.0020242914979757
complacent,-3.64680863442954,0.0060563600814206,0,0,-7.04184442500381,1.0036794890067e-06,0,0,1,0.0010121457489878
composed,1.88227972358604,0.0860135620711667,0,0,2.01530223836063,0.0066804973839067,0,0,1,0.0010121457489878
composure,2.11289585581206,0.0569362084817145,0,0,3.26214281369984,6.02208297828136e-06,0,0,1,0.0010121457489878
compromise,0.863432312358816,0.387542808047311,0,0,1.01816339396869,0.0990170956898948,0,0,1,0.0010121457489878
concord,0.822391598344947,0.406697527270683,0,1,1.06139607713646,0.088968246560136,0,1,1,0.0010121457489878
confidence,2.7080050068965,0.0167578700562477,0,1,2.23122332010743,0.0033783885508158,0,1,1,0.0010121457489878
confident,2.30022317980724,0.0380685490832152,-1,2,2.55773612746266,0.0004115090035158,0,2,5,0.0050607287449392
conflict,-2.36487302957191,0.0524195329155241,-1,0,-2.07717973862465,0.005522250091084,-1,0,1,0.0010121457489878
conflicted,-4.298199615929,0.0013951508971121,-2,0,-5.71138866368321,1.0036794890067e-06,-2,0,2,0.0020242914979757
conform,1.4903632969842,0.17225797644905,0,1,2.96397963052244,2.2080970920365e-05,0,2,2,0.0020242914979757
conformity,1.88497119929598,0.0855819686281752,0,1,1.11050225763878,0.0782790492736866,0,1,1,0.0010121457489878
confused,-4.09991304026704,0.0027903017942242,-4,0,-3.77470766823016,2.00736099276045e-06,-4,1,6,0.0060728744939271
confusion,-4.27036884099724,0.0015557438061322,0,0,-4.42796214161468,1.0036794890067e-06,0,0,1,0.0010121457489878
connected,-0.466348152183507,0.663286855068914,0,0,1.02137692716503,0.098236232263711,0,1,1,0.0010121457489878
connecting,0.117295194178306,0.874727493907506,0,1,1.7043960411412,0.0174680553590015,0,0,1,0.0010121457489878
consensus,2.60036788408312,0.0209393079248586,0,2,2.41854323598376,0.0010538645211992,0,2,2,0.0020242914979757
consistency,3.48452772785082,0.0017464478855936,0,2,3.51458248827533,1.0036794890067e-06,0,2,3,0.0030364372469635
consistent,3.04798393534053,0.0080497195646326,0,1,3.44056780011,4.01472198552091e-06,-1,2,3,0.0030364372469635
content,3.26696591173838,0.0041954897481501,0,8,3.8738621124523,1.0036794890067e-06,0,6,17,0.0172064777327935
contented,3.57751419779978,0.001282735860798,0,1,1.30018154719648,0.0490117259992392,0,0,1,0.0010121457489878
controversy,-3.15253733836127,0.0111692368223481,0,0,-2.90280701959738,0.000108397493609,0,0,1,0.0010121457489878
cooperation,3.23847945760595,0.0046431424820437,0,2,3.67238238174223,1.0036794890067e-06,0,2,2,0.0020242914979757
courage,3.51220176975115,0.0015858549765735,0,0,3.47919270465972,2.00736099276045e-06,0,1,1,0.0010121457489878
creative,1.41627448574935,0.194042404557627,0,0,2.50178504443765,0.0005580463559874,0,1,3,0.0030364372469635
creativity,1.58104788147913,0.148301529245976,0,0,2.04450684323707,0.0061284731108976,0,1,1,0.0010121457489878
crying,-2.47693023858111,0.0387089133079329,0,1,-3.1399313696469,4.81766638262509e-05,0,0,1,0.0010121457489878
curious,-1.48532863060576,0.243629480040309,0,0,-1.02473093738902,0.214751493727499,0,0,2,0.0020242914979757
decisive,0.828359448838361,0.403883136540106,0,0,1.08817001644584,0.0829501783038402,0,0,1,0.0010121457489878
defiance,-0.93762898139901,0.422044187138917,-1,0,-0.886384285624154,0.299335663879446,0,0,1,0.0010121457489878
depressed,-1.52216050868397,0.231964412611361,-4,0,-0.273316307818335,0.878423177792967,-3,0,4,0.0040485829959514
depression,-2.67987324443731,0.0221176583947936,-1,0,-2.67378230927225,0.0002268317921819,-1,0,2,0.0020242914979757
desired,0.213069270786545,0.796169457637598,0,1,1.05348039000257,0.0907829008975915,0,1,1,0.0010121457489878
determined,-0.957132713937032,0.414781372828483,0,0,0.204864345431006,0.623034668128025,0,0,1,0.0010121457489878
devotion,1.81549583155127,0.0971948433616914,0,0,2.23956119870207,0.0031977260614674,0,1,1,0.0010121457489878
dilemma,-0.919135470252184,0.429070126908546,0,0,-0.0189447708947409,0.859517851963149,0,0,1,0.0010121457489878
diligent,4.09010901855021,4.21556386177768e-05,0,1,0.777585424917832,0.180190759515142,0,0,1,0.0010121457489878
disagreeable,-0.454063430037043,0.672336265492197,-1,0,-3.20138319089121,3.61324978696881e-05,-1,0,1,0.0010121457489878
disagreement,-0.711320819893874,0.518167072832899,-1,0,0.587629729036522,0.291276109493513,-1,0,1,0.0010121457489878
disappointed,-2.98049201357847,0.0135881675144634,-1,0,-2.37416997140773,0.0019371033580138,0,0,1,0.0010121457489878
disarray,-4.56190571343215,0.0004737490816093,-1,0,-7.14460827300606,1.0036794890067e-06,-1,0,1,0.0010121457489878
discombobulated,-5.1242552403551,0.0003633414566579,-1,0,-8.15501120415276,1.0036794890067e-06,-1,0,1,0.0010121457489878
disconnected,-1.66139249192066,0.192524801567387,-1,0,-1.06181508717025,0.195410570562252,-1,0,1,0.0010121457489878
discontented,-3.28219151238827,0.009159818048234,-1,0,-4.63241714000418,1.0036794890067e-06,-1,0,1,0.0010121457489878
discord,-2.43333680260862,0.0439061013260959,-2,0,-2.9781111403246,8.02944397104181e-05,-2,0,2,0.0020242914979757
discordant,-2.09873772357496,0.0909357347326329,-1,0,-5.17162685492316,1.0036794890067e-06,-1,0,2,0.0020242914979757
disharmonious,-5.28505261771394,0.0002107781930888,-1,0,-8.50136990560928,1.0036794890067e-06,-1,0,1,0.0010121457489878
dislike,-2.04415949080652,0.101173532682664,-2,0,-1.70142157919543,0.0279364429362472,-2,0,2,0.0020242914979757
disorder,-1.63593894644978,0.199044873673603,0,0,-0.72259974490982,0.426833197334626,0,0,1,0.0010121457489878
disorganized,-5.91442899611443,1.00370467395156e-06,-1,0,-8.76797413192445,1.0036794890067e-06,-2,0,2,0.0020242914979757
dissatisfied,-1.69420586263583,0.184222148171048,-1,0,-1.54154850233806,0.0474760948397775,-1,0,1,0.0010121457489878
distant,-1.2274257112745,0.323919912316272,-1,0,-0.904639695642277,0.286898055168302,-1,0,1,0.0010121457489878
distressed,-0.473026454192578,0.658200074675703,-1,0,1.43138977324963,0.0369595305987055,-1,0,1,0.0010121457489878
distrust,-2.95904099993961,0.0140117313120039,-1,0,-2.508338891509,0.0008270327290173,-1,0,1,0.0010121457489878
division,-0.670406361668042,0.53822512716951,0,0,0.259246637787439,0.563699084543019,0,0,1,0.0010121457489878
dogs,0.423742531849247,0.628652986827367,0,0,0.508454403079964,0.346046954180982,0,1,2,0.0020242914979757
doubt,-3.09073422584063,0.0119681865447231,-1,0,-2.61739260195084,0.0003292072028127,-1,0,1,0.0010121457489878
dragging,-1.48794576998106,0.242746219040698,-1,0,-0.145658959316056,0.9837514164441,-1,0,1,0.0010121457489878
driven,-1.11996336769696,0.358445380344231,0,0,0.428813127870896,0.406430380204209,0,0,1,0.0010121457489878
drugs,-1.89058084161322,0.134679235738346,-1,0,-1.53942865418945,0.0477691695447205,0,0,1,0.0010121457489878
dusty,-1.08909315994075,0.36872533393288,-1,0,-0.600177348504147,0.535854980212439,-1,0,1,0.0010121457489878
duty,0.920845816238147,0.361715453454153,0,0,2.24020200797866,0.0031917039784891,0,1,1,0.0010121457489878
ease,3.01231006899372,0.0086278540371049,0,3,3.68816190290026,1.0036794890067e-06,-1,4,5,0.0050607287449392
easy,1.99118824708442,0.0714959630957495,0,3,2.29309979755488,0.0024590172161315,0,2,3,0.0030364372469635
educated,1.1106743289774,0.29128944061475,0,0,1.61062695702806,0.0234660500053697,0,0,1,0.0010121457489878
efficient,3.45146880328645,0.0019291223196039,0,0,3.79012459659669,1.0036794890067e-06,0,0,1,0.0010121457489878
effortless,1.36072213870431,0.210814326493414,0,1,-0.962948023376018,0.250008782204343,0,1,1,0.0010121457489878
empathetic,1.53868747430161,0.159107424611666,0,1,-1.78814778782325,0.0206296489225992,0,1,1,0.0010121457489878
empowered,0.436019613375738,0.620117473712948,0,0,1.8315438825233,0.0115443330693654,0,0,1,0.0010121457489878
enamoured,-1.95282881766956,0.119910710342585,0,0,-4.07760055795846,1.0036794890067e-06,0,1,1,0.0010121457489878
engaged,-0.431117046387726,0.69005367817984,0,1,0.93252700717157,0.120809006627302,0,1,2,0.0020242914979757
enjoyment,0.892844447027215,0.374207574364554,0,0,1.97499198872659,0.0074874565029964,0,1,1,0.0010121457489878
enthusiastic,1.59669095066534,0.144702240672563,0,1,2.83913101686624,5.82134687900531e-05,0,1,1,0.0010121457489878
entwined,-0.689133140498519,0.529057279475825,0,0,-1.95445670950007,0.0101652760673389,0,1,1,0.0010121457489878
environment,1.27863131354214,0.237288067545378,0,1,1.94406579878769,0.0082422242362744,0,0,2,0.0020242914979757
equilibrium,1.30256265314554,0.229686000714638,0,1,2.04570330015513,0.0060943479740207,0,2,2,0.0020242914979757
estrangement,-3.42802312291312,0.0074936666171505,-1,0,-5.36108541130359,1.0036794890067e-06,-1,0,1,0.0010121457489878
euphoric,-0.287382814853536,0.808533104220783,0,1,-3.70676942891914,2.00736099276045e-06,0,1,1,0.0010121457489878
even,-0.510318438520183,0.631563733303356,0,0,0.0015164368769899,0.839552639529153,0,0,1,0.0010121457489878
eventempered,-2.59322829988683,0.0275738024787516,0,0,-4.25090887914986,1.0036794890067e-06,0,0,1,0.0010121457489878
eventful,2.48673025500223,0.0265580523291994,0,0,1.20601214114872,0.0611040686196282,0,0,1,0.0010121457489878
excited,-0.525605704884459,0.621223557373824,0,2,-0.114553310890904,0.952229826774783,0,3,3,0.0030364372469635
expectant,-0.417514636217103,0.700578535954745,0,0,-1.20167195933736,0.13545270506949,0,0,1,0.0010121457489878
expressive,0.738127151056443,0.448058230988811,0,1,1.21691617687863,0.0595062092693909,0,0,2,0.0020242914979757
extended,-0.192744080853054,0.884770572955351,-1,0,0.667478005931013,0.240951569405008,-1,0,1,0.0010121457489878
extreme,0.0992040698846688,0.889110596321619,0,0,1.28917529342981,0.0502843928686493,0,0,1,0.0010121457489878
failing,-0.838554279135552,0.461138523428498,-1,0,0.741712798955616,0.198628370233647,-1,0,1,0.0010121457489878
failure,-0.85802000751973,0.453010514820718,-2,0,-0.238693350263144,0.917247546753947,-2,0,2,0.0020242914979757
fair,2.21049183839843,0.0462346985068874,0,1,2.25611432107504,0.0030010046841768,0,0,1,0.0010121457489878
fairness,1.39735433527087,0.199616985911987,0,1,1.87854014828178,0.0099665473290556,0,1,1,0.0010121457489878
faithful,1.85430677069541,0.0903395335578958,-1,0,3.45946322482035,4.01472198552091e-06,0,0,1,0.0010121457489878
falling,-1.7010927639449,0.182493766987719,-1,0,-1.25628967377784,0.116009406493612,-1,0,1,0.0010121457489878
family,0.914492031417685,0.364483673723387,0,1,1.43566016623503,0.0366283160349,-1,0,3,0.0030364372469635
fantastic,0.578599163574513,0.530912127575007,0,1,1.04751244963525,0.092127832762741,0,0,1,0.0010121457489878
fatigue,-1.6091264327184,0.206074828265958,-1,0,-0.402451280114051,0.733521824530554,-1,0,1,0.0010121457489878
fatigued,-1.73780706364981,0.17303885946916,0,0,-3.23253860109303,3.41251368769277e-05,0,0,1,0.0010121457489878
fear,-4.12504636592907,0.0026216792397531,-2,0,-3.98168432232157,2.00736099276045e-06,-2,0,3,0.0030364372469635
fearful,-0.823835836652124,0.467369528298478,-1,0,0.867936504824657,0.141404530413025,-1,0,1,0.0010121457489878
fears,-1.81331731179882,0.153821910493542,0,0,-0.218327465884085,0.939412826836008,0,1,1,0.0010121457489878
feelings,-0.316626143743882,0.783851981515756,0,1,0.744117939482925,0.197361725447215,0,1,1,0.0010121457489878
fighting,-2.42952314811225,0.0443296651236365,-2,0,-1.55640312179348,0.0450973720633563,-2,0,2,0.0020242914979757
filtered,-0.334481675422305,0.768808440763298,-1,0,0.953420557389034,0.115069961549,-1,0,1,0.0010121457489878
fine,1.85592920660719,0.0900564885557478,0,0,2.1050489867307,0.0051709619173509,0,2,2,0.0020242914979757
fish,1.31204862255419,0.226548416754658,0,1,1.20129932324352,0.0619090203777251,0,0,1,0.0010121457489878
fit,2.11210201764494,0.0570526383407541,0,0,3.49813579973648,1.0036794890067e-06,0,0,1,0.0010121457489878
flaky,-2.96135299967719,0.0139715830847489,0,1,-5.80215038289313,1.0036794890067e-06,0,0,1,0.0010121457489878
flexible,1.60069250073862,0.143688497934374,0,1,2.49416505756182,0.0005821346879005,0,2,2,0.0020242914979757
flow,1.69901958287208,0.120745793469489,0,0,2.01040040062108,0.0068009390434724,-1,0,1,0.0010121457489878
flowing,1.08483599430954,0.299901235360953,0,0,1.30257251103621,0.0487567911531586,0,0,1,0.0010121457489878
fluctuating,-4.28267559040859,0.0014694251175339,0,0,-6.49061305375398,1.0036794890067e-06,0,0,1,0.0010121457489878
focused,0.257273555952975,0.759929660305849,-1,1,1.81179124543207,0.0122649756657664,0,2,4,0.0040485829959514
food,1.47680503011924,0.176001798640581,-1,0,1.54608781184737,0.0281632747284291,-1,0,2,0.0020242914979757
forthcoming,0.945694775742654,0.350975802663433,0,0,0.850179835205081,0.148213498900468,0,0,1,0.0010121457489878
foundation,1.04661600398698,0.312804875600718,0,1,1.31780256222947,0.047203093744762,0,0,1,0.0010121457489878
freedom,4.03164699054654,5.82149295197871e-05,0,2,4.30493383859735,1.0036794890067e-06,0,2,3,0.0030364372469635
friendly,2.69221532870401,0.017271767365112,0,1,2.6091864812969,0.0003251924808271,-1,2,5,0.0050607287449392
friends,1.80774165763294,0.0986000313156173,0,1,2.05153762609683,0.0059919725633899,-1,0,2,0.0020242914979757
friendship,2.22246046484467,0.0450523332142269,-1,2,2.85507867327255,4.61693028334904e-05,-1,3,5,0.0050607287449392
frozen,-2.95539250459946,0.0140518795392589,-1,0,-2.65106628799652,0.0002629642900516,-1,0,1,0.0010121457489878
frustrated,-3.15753746166005,0.0110909477792008,-2,0,-1.74600549243199,0.0239377798386684,-2,0,2,0.0020242914979757
frustrating,-1.12913407801791,0.355372033547859,-1,0,0.194535800163513,0.634685391330007,-1,0,1,0.0010121457489878
frustration,-4.01513967355103,0.0032580286417453,-3,0,-3.16547859941108,4.61693028334904e-05,-2,0,4,0.0040485829959514
fulfilled,-0.0555148386290011,0.988005717107561,0,2,0.646359290124246,0.253776598787755,0,2,2,0.0020242914979757
fulfilling,0.657038013199076,0.48818036189612,0,1,2.19101687411143,0.0039745747656657,0,0,1,0.0010121457489878
full,0.238992393345657,0.774884874958346,0,0,0.217371993745177,0.609109604921246,0,0,1,0.0010121457489878
fun,2.95102664292461,0.009838323088844,0,1,2.66226487195827,0.0002489127631022,0,0,1,0.0010121457489878
games,-0.672992342717203,0.536936369074623,-1,0,-0.0128027566352241,0.853557997175643,0,0,1,0.0010121457489878
gentle,2.35226039799145,0.0341440598690365,0,1,1.90730358374695,0.0091876912638645,0,0,1,0.0010121457489878
giving,1.14459538668648,0.280686293796697,0,1,2.25534062923593,0.0030070267671551,0,1,1,0.0010121457489878
glad,1.37953923401306,0.205225693259514,0,0,1.68337993347871,0.0186423615397663,0,0,1,0.0010121457489878
goal,1.78513417288353,0.102783476595591,0,0,2.07118898923617,0.0056366696676713,0,1,1,0.0010121457489878
going,1.07071271121488,0.3045764964248,0,1,2.71789380459464,0.0001686183233918,0,1,1,0.0010121457489878
good,2.40220503729809,0.0310907871862918,0,3,2.25736397220443,0.0029769163522637,0,5,7,0.0070850202429149
grateful,0.60129573946016,0.518016516980693,0,0,1.44468738459973,0.0358976366335352,0,1,2,0.0020242914979757
gratitude,1.0592442999146,0.3083705039004,0,0,1.23221882820095,0.0572639870404774,0,1,1,0.0010121457489878
great,0.222556928485375,0.788328508854692,0,1,0.333026026694438,0.489747905569724,0,1,1,0.0010121457489878
grounded,-0.646630721782365,0.550239484175576,0,0,0.875559442961355,0.138794961122436,0,1,1,0.0010121457489878
growth,0.775323655735584,0.429720528190078,0,0,1.93749028162897,0.0083987983937097,0,1,3,0.0030364372469635
guilt,-3.27086072116094,0.0093384776595189,-1,0,-2.40613328161325,0.0016781537899477,-1,0,1,0.0010121457489878
happiness,2.22702219881346,0.0446207397712354,-1,2,1.92237325754992,0.0087681528163776,-1,2,6,0.0060728744939271
happy,2.41992266720327,0.0300750370367396,0,10,1.69663664912197,0.0179297483873364,0,8,19,0.0192307692307692
hardworker,0.152358507243205,0.846061659647418,0,1,-2.58163206378129,0.0004215458084796,0,0,1,0.0010121457489878
hardworking,3.68205887971976,0.000831068304179,0,1,0.786921363193371,0.175537696733923,0,0,1,0.0010121457489878
harmonious,3.32192169287453,0.0033202583939906,0,1,0.589380424351001,0.290063663453885,0,1,5,0.0050607287449392
harmony,2.35496481934564,0.0339714224918399,0,0,2.20405267184369,0.0037999343592955,-1,0,2,0.0020242914979757
hatred,-3.48710459385937,0.0071062362241395,-1,0,-3.52658773826531,6.02208297828136e-06,-1,0,1,0.0010121457489878
healthier,3.61951303551667,0.0011060836608759,0,0,2.19456245644472,0.0039163612968756,0,0,1,0.0010121457489878
healthy,3.37355794650818,0.0026397459420179,0,2,2.67075714954136,0.000242890680124,0,3,8,0.0080971659919028
heartfelt,2.21680608482691,0.0456224380412483,0,0,-0.0507180228232852,0.889867142812694,-1,0,1,0.0010121457489878
heartful,2.15564230014884,0.0521384953247389,0,0,-0.57520685339304,0.559222669529163,0,1,1,0.0010121457489878
hearty,4.66373691508407,1.00370568137564e-05,0,1,2.03257221511268,0.0063492828201013,0,0,1,0.0010121457489878
helpful,2.25006027344961,0.0424748170244543,0,0,3.95233392500697,1.0036794890067e-06,0,1,1,0.0010121457489878
helplessness,-3.69117562850025,0.0056789667452233,-1,0,-5.3677777043793,1.0036794890067e-06,0,0,1,0.0010121457489878
hesitant,-1.73145701264338,0.174755196184312,-1,0,-0.976471204797638,0.241925139486497,-1,0,1,0.0010121457489878
hoarding,-3.17902154555319,0.0107797990179744,0,0,-4.10868713355038,1.0036794890067e-06,0,0,1,0.0010121457489878
hobbies,2.15361268750233,0.0523673402200926,0,0,1.24851609776311,0.0551120960562382,0,0,1,0.0010121457489878
home,1.57555846917518,0.149774969186236,0,0,2.01669526394419,0.0066503869690153,0,1,1,0.0010121457489878
honest,1.29065116602792,0.233435845140258,0,0,1.63897221116131,0.02150285095445,0,2,2,0.0020242914979757
honour,0.958883378600136,0.345664192197594,0,0,1.87313386560584,0.0101331582914548,0,1,1,0.0010121457489878
hope,1.88178753486284,0.0860858288802258,-1,0,2.62079926317147,0.0003151556758633,-1,0,2,0.0020242914979757
hopeful,-0.340249496600733,0.763932438563175,0,0,0.761391469889377,0.188278416954974,0,0,3,0.0030364372469635
hopeless,-2.19513583930486,0.0751695258895844,-1,0,-1.85684279380214,0.0159123505896121,-1,0,1,0.0010121457489878
hostility,-1.48740685658775,0.242930900886071,0,0,-1.98778647780761,0.0086296449078771,0,0,1,0.0010121457489878
humiliated,-1.84293080472817,0.146394488451362,-2,0,-0.04834027595123,0.887520537812157,-1,0,2,0.0020242914979757
humorous,0.992034601682031,0.332505610714759,0,2,0.291639571531787,0.530134001383072,0,1,2,0.0020242914979757
humour,2.00627443962804,0.0697053521601754,0,0,1.86343269662336,0.0104282403573906,0,1,1,0.0010121457489878
hungry,-1.06773860876924,0.376068444697824,0,0,-0.891735446290263,0.295579891461991,0,0,1,0.0010121457489878
hurting,-2.46989571923701,0.0394657073916901,0,0,-1.45906438967887,0.0622261834145813,0,0,1,0.0010121457489878
imbalance,-3.93411035030741,0.0037137110210898,-2,0,-5.10178601285355,1.0036794890067e-06,-2,0,2,0.0020242914979757
imbalanced,-5.75640998638338,2.00741136275128e-06,0,0,-7.74697598924236,1.0036794890067e-06,0,1,2,0.0020242914979757
impatient,-1.99948414751451,0.110066365019653,-1,0,-0.92306569042648,0.274853889211739,-1,0,1,0.0010121457489878
impulsive,-0.0543715245470873,0.988874926227632,0,1,-2.52088156559323,0.0007025763474661,0,0,1,0.0010121457489878
in,-0.0290260711861851,0.99167526507867,-1,0,0.793230446590167,0.172643082182363,-1,0,1,0.0010121457489878
inactive,0.300067155150865,0.724286064148838,0,0,0.268862125709936,0.553525779031709,0,0,1,0.0010121457489878
inadequacy,-5.08059514366334,0.0003733785134717,-1,0,-8.34786976220779,1.0036794890067e-06,-1,0,1,0.0010121457489878
included,0.82886549298957,0.403676373169743,0,0,1.73450010822496,0.0158420929548655,0,0,1,0.0010121457489878
incompatible,-0.34205985821073,0.762398776282033,-1,0,0.694575056927326,0.224822423828178,-1,0,1,0.0010121457489878
incongruence,-5.61177536061942,4.01482272550256e-06,-1,0,-9.10972614989647,1.0036794890067e-06,-1,0,1,0.0010121457489878
indecisive,-5.0810629620328,0.0003733785134717,-1,0,-8.87192453330225,1.0036794890067e-06,-1,0,1,0.0010121457489878
indifference,0.327756147004345,0.701931531213239,-1,0,0.601657198786087,0.281980020736039,-1,0,1,0.0010121457489878
indifferent,0.533732568586082,0.556769593338606,0,0,1.39095251265411,0.0403600001204417,0,0,1,0.0010121457489878
indistinctive,-2.89481913949985,0.0151218297956054,0,1,-5.71385911300384,1.0036794890067e-06,0,0,1,0.0010121457489878
inspired,-0.173444236376369,0.899215905121709,0,0,0.855691229642337,0.146075659443178,0,0,2,0.0020242914979757
insync,-1.55383000828071,0.222073896827086,0,0,-2.10266770317451,0.004859820963473,0,1,1,0.0010121457489878
intelligence,1.40697356646875,0.196844750820028,0,0,1.24086834747411,0.0561478943285026,0,1,2,0.0020242914979757
intelligent,2.78614844959353,0.0142606503209851,0,1,3.11233483747848,1.20441659565627e-05,0,1,3,0.0030364372469635
interesting,0.374117638549263,0.665458874163411,0,1,0.216119321880421,0.610476617757316,0,0,2,0.0020242914979757
internal,-0.437071781470662,0.685336261477374,-1,0,0.71307554092463,0.213954571413373,-1,0,1,0.0010121457489878
internet,0.876676363936228,0.381319832822782,-1,0,0.429565934422149,0.405715759690786,0,0,1,0.0010121457489878
intiutive,-0.335664149559636,0.767758564620579,0,0,-1.5495648178171,0.0462094500533456,0,0,1,0.0010121457489878
intrigued,-2.42826357179989,0.0444902580326566,0,1,-1.97998576652096,0.0090170655794799,0,0,1,0.0010121457489878
involved,0.42881005142139,0.625210276340248,0,0,1.33228532703604,0.0457156392491265,0,1,2,0.0020242914979757
irritated,-3.6221937010095,0.0062289974586172,0,0,-2.90942557233647,0.0001043827716235,-1,0,1,0.0010121457489878
isolated,-0.599715944656525,0.575619186034841,-1,0,0.253290316037891,0.569956028757454,-1,0,1,0.0010121457489878
jangling,-3.29300996130788,0.0090112696073904,-1,0,-5.14707723812112,1.0036794890067e-06,-1,0,1,0.0010121457489878
jealousy,-2.8735527809069,0.0155795195863127,-1,0,-2.33924633425953,0.0022000676480654,-1,0,1,0.0010121457489878
jittery,-2.33160212147794,0.0566350967773018,-1,0,-5.32781200079067,1.0036794890067e-06,-1,0,1,0.0010121457489878
joy,2.06885761199244,0.0620189740522007,-1,0,2.25454204911147,0.0030190709331117,-1,1,3,0.0030364372469635
joyful,1.47569786752991,0.176331014104072,0,0,-0.57607145280068,0.558391622078161,0,1,2,0.0020242914979757
joyous,0.711364337743107,0.460843433958174,0,1,-0.621944566867943,0.515558553214638,0,1,3,0.0030364372469635
karma,0.10556867099068,0.884124186496545,0,1,0.909969012569251,0.127316870965832,0,1,1,0.0010121457489878
kind,0.665524616127508,0.483842345941215,-1,0,2.13235064696665,0.0047935780507119,0,0,2,0.0020242914979757
kindness,1.76042215743292,0.107655463972988,0,0,1.75041541434943,0.0150050234208844,0,0,1,0.0010121457489878
kinship,-0.840344085937331,0.460411840515182,-1,1,-0.304521467449438,0.843264250004767,-2,1,4,0.0040485829959514
knowledge,1.47718388695109,0.175887376192904,0,0,2.24098206229611,0.0031816671735253,0,0,1,0.0010121457489878
lackadaisical,-3.00957595637615,0.0131244554896679,0,1,-6.13171490826447,1.0036794890067e-06,0,1,1,0.0010121457489878
lacking,-0.771869054703762,0.490266062302019,-1,0,0.540913534957093,0.323122891643657,-1,0,1,0.0010121457489878
laughing,0.395469542008607,0.649303227515989,0,1,-0.253514749080968,0.90077915716934,0,0,1,0.0010121457489878
laughter,0.798407421701801,0.418555306190455,0,0,0.173375026481345,0.658249802024022,0,1,1,0.0010121457489878
lavender,0.610673799575179,0.512917692119304,0,0,1.3491958217042,0.0440896768449906,0,1,1,0.0010121457489878
lazy,0.167731576133113,0.833579575793831,0,0,1.46021997274184,0.034709278925821,0,1,1,0.0010121457489878
lean,1.29465524568165,0.232167161158999,0,0,1.78664786696824,0.0132786929671104,0,0,1,0.0010121457489878
learning,1.34623823402833,0.215487580145899,0,0,2.0655044668014,0.0057390450783021,0,0,1,0.0010121457489878
light,0.529621846140015,0.559210605555712,0,1,0.555085051507257,0.313423323326639,0,0,1,0.0010121457489878
likeable,2.22355410314439,0.0449559774688149,0,0,1.72638451453358,0.0162977639002221,0,0,1,0.0010121457489878
limbo,-1.81015536897733,0.154614837981829,-1,0,-2.37004704289638,0.0019611916899269,-1,0,1,0.0010121457489878
listless,-1.48873918050097,0.242525403790796,-1,0,-3.26096716675667,2.81030538986463e-05,-1,0,1,0.0010121457489878
living,1.02419077198208,0.32083251364036,0,1,1.16525016448793,0.0678728898872164,0,1,1,0.0010121457489878
logical,1.5309808817227,0.161080709981251,0,1,1.72372714389801,0.0164302497257443,0,1,1,0.0010121457489878
lonely,-1.64835746473356,0.19578885244322,-2,0,-1.33125345069598,0.0931194690931646,-2,1,4,0.0040485829959514
loser,-1.41186078206584,0.2670298742959,-1,0,-1.46433942143062,0.061206444030259,-1,0,1,0.0010121457489878
loss,-2.07417996347827,0.0954022250147545,-2,0,-1.48981355327856,0.0563546525107569,-2,0,2,0.0020242914979757
lost,-1.61089314192631,0.20568940528431,0,0,-1.31591575744217,0.0974694203644765,0,0,1,0.0010121457489878
loud,-1.76397479556299,0.166314031403943,-1,0,-1.31627798941452,0.0973831038417878,-2,0,2,0.0020242914979757
love,2.94669660630807,0.0099206269547168,0,3,2.76444190394996,0.0001184342985728,-1,3,11,0.0111336032388664
loved,0.216830329117573,0.793049940379883,0,2,0.562562121188732,0.308350722097933,-1,2,4,0.0040485829959514
loving,1.81123656612901,0.0979797412045271,0,1,1.82880498307316,0.0116406863970179,0,1,4,0.0040485829959514
loyalty,2.2781174123019,0.0398611674301521,0,0,2.35289043525364,0.0016460360140635,0,1,2,0.0020242914979757
luxury,1.8908840700104,0.0846605668126724,0,1,1.62604428255779,0.0224141928451632,0,1,1,0.0010121457489878
malcontent,-3.3025048645339,0.0088988545710764,-1,0,-5.71512831253809,1.0036794890067e-06,-1,0,1,0.0010121457489878
mankind,0.411876651006931,0.637158388771344,0,0,0.304934146880563,0.51682519800107,0,0,1,0.0010121457489878
matrimonious,-4.3011856746166,0.0013770841948473,0,1,-7.80326672173812,1.0036794890067e-06,0,0,1,0.0010121457489878
mature,1.74718985451528,0.110389558249056,0,1,2.78390531294746,0.0001043827716235,0,0,1,0.0010121457489878
mediocre,0.585668976814259,0.526927416019946,0,1,-2.20712499335915,0.0032117775884167,0,1,1,0.0010121457489878
meditation,0.69232792770809,0.470450904740301,0,1,0.892079563109153,0.132991680492366,0,0,1,0.0010121457489878
meditative,2.07778377305469,0.0609289496822268,0,1,-0.34019398669166,0.802876146830427,0,1,1,0.0010121457489878
melodic,1.06643529871061,0.305947558385559,0,1,2.35650744734812,0.0016078961552011,0,1,1,0.0010121457489878
messy,-0.737129952692307,0.505917848697391,0,0,-1.10799563571727,0.173096745766727,0,0,1,0.0010121457489878
mindful,4.00960994882138,6.42371636080409e-05,0,0,2.303810317063,0.0023445976395442,0,1,2,0.0020242914979757
miserable,-3.28273073606209,0.009151788402783,0,0,-3.29876973882206,2.00736099276045e-05,-1,0,1,0.0010121457489878
misery,-2.11836252275222,0.0874026907341906,0,0,-1.79375081285794,0.0202442356119892,-1,0,1,0.0010121457489878
misinterpretation,-5.03919912368232,0.0003794007475599,-1,0,-7.94685443483554,1.0036794890067e-06,-1,0,1,0.0010121457489878
misunderstanding,-0.0785367436099206,0.970567334599341,-1,0,1.56794706114326,0.0265232607973439,-1,0,1,0.0010121457489878
misunderstood,-1.5304777424423,0.229318644435255,-1,0,-0.368871364607692,0.770744319419311,-1,0,1,0.0010121457489878
money,0.419358882998284,0.631625963055601,0,0,1.01743896395916,0.0992278685941347,-1,0,1,0.0010121457489878
motivated,0.0228219423325745,0.950553443312711,0,0,2.00210269168513,0.0069474763959439,0,0,1,0.0010121457489878
motivation,0.845508609703624,0.395781224280042,-1,0,2.41357243511787,0.0010879896580761,-1,0,2,0.0020242914979757
movies,-0.0989228349869454,0.95533911200151,-1,0,0.114508521423113,0.722937010015728,0,0,1,0.0010121457489878
mundane,-0.0031460147333873,0.971444573364863,0,0,1.39415728468015,0.0400829843034407,0,0,1,0.0010121457489878
music,2.5243059995284,0.0246188929527817,-1,1,3.06494688330607,1.20441659565627e-05,0,1,2,0.0020242914979757
natural,1.53038614050394,0.161229258422094,-1,0,2.0992048702232,0.0052492489960685,0,0,1,0.0010121457489878
nature,1.09060075880257,0.297915905523192,0,0,1.53661764584942,0.028859828992917,0,0,2,0.0020242914979757
neat,1.74898735518527,0.109992090799231,0,1,2.01392551683219,0.0067106077987981,0,0,1,0.0010121457489878
needed,-1.06583528702549,0.376712823745268,0,1,-0.0400537447524241,0.879754058131167,0,1,1,0.0010121457489878
nervous,-2.571329774958,0.0293363096552472,-3,1,-3.01314266844998,6.82502737538554e-05,-2,1,4,0.0040485829959514
neutral,2.03568666429379,0.0660619005367818,0,1,2.82804811903708,7.02576347466158e-05,0,1,1,0.0010121457489878
nice,3.43632781044953,0.0020776707604475,0,0,3.09968233458153,1.20441659565627e-05,0,2,2,0.0020242914979757
nirvana,0.383184574351606,0.658539327196008,0,0,0.288949709708953,0.5328158356694,0,0,1,0.0010121457489878
nonjudgemental,-0.41355392857945,0.703744223673804,0,1,-3.5982950909206,2.00736099276045e-06,0,0,1,0.0010121457489878
nourished,2.33546297428001,0.035318395516246,0,0,-0.784477268432733,0.375376505646205,0,0,1,0.0010121457489878
objective,1.01505217232233,0.324034334763948,0,1,1.88018187048545,0.0099023117772873,0,1,1,0.0010121457489878
observant,3.64688154254437,0.0009876463904736,-1,0,-0.257367939428823,0.896523551864688,-1,0,1,0.0010121457489878
odd,-1.65986910133246,0.192856024442241,-1,0,-1.41961749873557,0.0705607462565227,-1,0,1,0.0010121457489878
off,-0.559442169142436,0.599386936569816,-1,0,0.37075909664788,0.455755254518319,-1,0,1,0.0010121457489878
ok,1.98275279426456,0.0724936465430369,0,0,2.23490107244847,0.0032980941111054,0,0,1,0.0010121457489878
one,0.242636601510911,0.771956061780092,0,0,0.972241874284777,0.110312515996158,0,1,1,0.0010121457489878
oneness,1.15326150648191,0.27795219952063,0,1,0.170942664020057,0.661027989638003,0,0,1,0.0010121457489878
open,1.97981849424425,0.0728730472905969,-1,2,2.738116159463,0.000150552074457,0,3,5,0.0050607287449392
openminded,3.48725341650165,0.0017303885946916,0,1,0.383826895028191,0.444136649092221,0,1,1,0.0010121457489878
optimistic,1.6392905542449,0.134279760877158,0,0,2.25808937432155,0.0029588501033289,0,0,1,0.0010121457489878
order,-0.0887564369235882,0.963039541989024,0,0,1.34046319176828,0.0448966359640803,0,1,1,0.0010121457489878
orderly,1.43198426555319,0.189226624698386,0,1,1.91885533776187,0.0088645061440301,0,0,1,0.0010121457489878
organization,1.63984707083823,0.134125190202227,0,1,2.14887580695941,0.0045567094535662,0,1,1,0.0010121457489878
organized,0.963979515031438,0.343574476968969,0,2,2.25852919116789,0.0029528280203506,0,2,2,0.0020242914979757
oriented,0.876746936790359,0.381299758709154,0,0,2.67930550726005,0.0002348612361529,0,1,1,0.0010121457489878
outgoing,0.871712233976595,0.383628355889946,0,1,1.49766560678618,0.0318367453451808,0,0,1,0.0010121457489878
overbearing,-2.10268673984909,0.0902210962874934,-1,0,-5.41552865551131,1.0036794890067e-06,-1,0,1,0.0010121457489878
overstimulated,-3.76133512861118,0.0050767433363979,-1,0,-6.41752206838221,1.0036794890067e-06,-1,0,1,0.0010121457489878
overweight,-1.8473165789982,0.145336582663192,0,0,-4.36654719408545,1.0036794890067e-06,0,0,1,0.0010121457489878
overwhelmed,-2.94152972245273,0.0142706873777988,-2,2,-2.27084930745614,0.0026798269253352,-2,2,5,0.0050607287449392
overworked,-5.20460103671345,0.0002890672362361,0,0,-6.96425371172341,1.0036794890067e-06,0,0,1,0.0010121457489878
pain,-2.8974461725414,0.0150636148660856,0,0,-2.76307389707859,0.0001646036014063,0,0,1,0.0010121457489878
painful,-1.64883228232538,0.195678444818269,-1,0,-0.583426360518257,0.551534476926891,0,0,1,0.0010121457489878
painless,0.513740359759755,0.56900075077185,0,1,-0.974491001323864,0.243059298447407,0,1,1,0.0010121457489878
paradise,1.28584762624722,0.235043781641822,0,1,1.2226916373959,0.0586691397354097,0,1,1,0.0010121457489878
partnered,0.312502644848312,0.714257036980532,0,1,2.00155773871504,0.0069735720888498,0,1,1,0.0010121457489878
passion,0.7539027471252,0.440271482312698,0,0,0.130139505012809,0.705888493104213,0,1,1,0.0010121457489878
passionate,0.659755178690584,0.486700899721773,0,2,2.08602888903464,0.0054198746804532,0,2,2,0.0020242914979757
passive,1.91886077830216,0.0807742184143859,-2,0,3.01934787462811,1.40515269493232e-05,-2,0,2,0.0020242914979757
pathetic,-2.43585578024554,0.0436170340898598,-1,0,-1.89884558162576,0.0132405531082479,-1,0,1,0.0010121457489878
patient,0.760634329269326,0.436977320266424,0,1,1.17135152924352,0.0667909223121185,0,1,1,0.0010121457489878
peace,2.25720957273268,0.0417722230474913,-2,10,2.22462736673668,0.0034667124344973,-2,8,18,0.0182186234817814
peaceful,2.35588088343213,0.0339031705055063,-1,6,2.05309650802105,0.0059638695094913,-3,7,20,0.0202429149797571
performance,0.853003693201973,0.392280298863404,0,0,1.29770906013307,0.0493027933431895,0,1,1,0.0010121457489878
perspective,-0.237465297444135,0.849203258430124,0,0,0.455954902067164,0.385053992992303,0,0,1,0.0010121457489878
persuasive,2.27202782783201,0.040403168498095,0,1,-2.42935326503683,0.001499498661592,0,0,1,0.0010121457489878
pitiful,-2.87859024837507,0.0154691119613613,-1,0,-5.31141267938074,1.0036794890067e-06,-1,0,1,0.0010121457489878
plants,1.46547670788081,0.179428449836797,-1,0,1.11659311674206,0.0769843014333561,0,0,1,0.0010121457489878
pleasant,2.47170220912992,0.0273108315902311,0,0,1.72342407307298,0.0164483159746791,0,1,2,0.0020242914979757
pleased,0.609877074758806,0.513321181803218,0,2,0.993950147951092,0.104906692842654,-1,2,4,0.0040485829959514
pleasurable,1.37496274039907,0.206665007206607,0,1,-1.65009787909691,0.033167625683381,0,0,1,0.0010121457489878
pleasure,1.24866525476428,0.247184605563741,0,1,1.33300687263164,0.045611256477503,0,1,1,0.0010121457489878
plentiful,2.57383019521493,0.0221457621538721,0,0,-0.149307521171059,0.98748912261262,0,1,1,0.0010121457489878
poor,-1.23613971455016,0.321354440594676,0,0,-1.41668483360424,0.0712271901061191,0,0,1,0.0010121457489878
positive,3.78651447098791,0.0003894378043737,0,2,3.41806423016438,4.01472198552091e-06,0,1,2,0.0020242914979757
praying,0.440920271896709,0.616465992444104,0,0,1.06054357255252,0.0891368648835279,0,0,1,0.0010121457489878
precarious,-4.9998934209249,0.0003834155702854,-1,0,-8.40043916497037,1.0036794890067e-06,-1,0,1,0.0010121457489878
predictable,-0.307056703048632,0.791805345334977,0,0,0.446928363980126,0.39210585215987,0,1,1,0.0010121457489878
present,0.406932455578626,0.640677380890247,0,0,1.10708620781905,0.0789595446502324,0,1,1,0.0010121457489878
preservation,1.01095909681875,0.325572011867816,0,0,1.88188713442739,0.0098661792794176,0,1,1,0.0010121457489878
pride,-0.045592039264575,0.995627858051928,0,0,0.32355371125423,0.498975744053444,0,2,2,0.0020242914979757
private,1.10956776402608,0.291646759837319,-1,0,1.39201422789749,0.0402616394317964,-1,0,1,0.0010121457489878
privilege,0.676034945547054,0.478711402498023,0,1,1.73121042971741,0.0160227554442139,0,1,1,0.0010121457489878
proactive,2.74961444679953,0.0154269563227436,-1,0,2.50117537252186,0.0005580463559874,0,0,1,0.0010121457489878
productive,0.913499922770685,0.364949393159545,0,0,2.59668454615265,0.0003392440077765,0,1,3,0.0030364372469635
proud,0.760820048039385,0.436880964521012,0,0,1.27177546762192,0.0523479599692071,0,1,1,0.0010121457489878
pure,1.20747234842677,0.260606157935096,-1,0,1.59482714629448,0.0247126211818739,-1,0,1,0.0010121457489878
purpose,-0.155743147679205,0.912902435792948,-1,0,1.11645826913311,0.0770083897652692,0,0,1,0.0010121457489878
questionable,-1.52312824939314,0.231695419488752,-1,0,-0.68930113238197,0.455450135647419,-1,0,1,0.0010121457489878
quiet,1.62373277251953,0.138232353850416,-1,2,0.626254170955053,0.26638282582229,-1,0,5,0.0050607287449392
quite,0.728337256339209,0.452745536520835,0,0,1.13020793586651,0.074312503951992,0,1,1,0.0010121457489878
rational,0.795242503171147,0.420076924003421,0,0,1.65643720927614,0.0203285447736851,0,0,1,0.0010121457489878
rattled,-4.11633095412635,0.0026839089919984,-1,0,-3.28682850850108,2.40883319131254e-05,-1,0,1,0.0010121457489878
reasonable,2.86939153877426,0.0118176306925168,0,0,2.65336546654207,0.0002649716510443,0,1,1,0.0010121457489878
receptive,2.18758427212085,0.0487018070717087,0,1,-0.368724290062772,0.770898886215753,0,1,1,0.0010121457489878
recognize,0.47094183115713,0.596305560127993,0,0,2.33776955231474,0.0018668457232672,0,1,1,0.0010121457489878
reflect,-0.919649187256455,0.428869385772271,0,0,0.479194579802887,0.36740326778296,0,0,1,0.0010121457489878
reflective,0.30861565480828,0.71751707303364,0,2,1.18755787165437,0.064105073303805,-1,1,3,0.0030364372469635
regular,0.659025968270661,0.487064241178431,0,0,1.40587311190125,0.0390652522801112,0,1,1,0.0010121457489878
relatable,0.256290767368893,0.760796862014558,0,1,-0.965999071716055,0.248145951203062,0,0,1,0.0010121457489878
relaxation,1.71959678408152,0.116349562585064,0,0,1.08358178853699,0.0839257557463218,0,1,1,0.0010121457489878
relaxed,1.19380370701881,0.265012425876335,-1,3,1.99467560033172,0.0070920063874226,0,6,11,0.0111336032388664
reliable,2.82321254700725,0.0131003665533148,0,1,2.535053348915,0.0004657077503204,0,1,1,0.0010121457489878
reserved,0.0429409975300561,0.934201070351739,0,0,0.279577767419619,0.542272513306294,0,0,1,0.0010121457489878
resilient,1.98817199225812,0.0718833934887605,0,0,-1.67518127735289,0.0305620711147779,0,0,1,0.0010121457489878
resolution,1.56830644727793,0.151553535653633,0,0,2.59553347072344,0.0003392440077765,0,1,1,0.0010121457489878
resourceful,3.62443455637167,0.0010940391926994,0,1,0.717499574226746,0.211531686695111,0,0,1,0.0010121457489878
respectful,1.32034479731537,0.224021085848954,0,1,2.38541028839064,0.0013248582552219,0,0,1,0.0010121457489878
responsible,1.27603475817248,0.238097054324566,0,0,2.35195315629273,0.0016540654580346,0,1,1,0.0010121457489878
rested,0.272860701205691,0.746981857016103,0,0,1.09608611329365,0.0811857079912037,0,0,2,0.0020242914979757
restful,4.60212003227122,1.00370568137564e-05,-1,2,1.76076141494587,0.0144891316457449,0,2,5,0.0050607287449392
restless,-1.18514716781133,0.337301316460372,-1,0,-0.157573800470787,0.996066576134686,-1,0,1,0.0010121457489878
romance,1.15016678935574,0.278901705095212,0,0,1.35347391267855,0.0437644843641634,0,0,1,0.0010121457489878
rough,0.290459052775204,0.732460243217961,-1,0,-0.574094764133444,0.560258467801428,-1,0,1,0.0010121457489878
ruckuss,-2.52641656991649,0.0334575251829755,-1,0,-3.69429146021999,2.00736099276045e-06,-1,0,1,0.0010121457489878
rude,-1.85609019543053,0.143184637682323,-1,0,-2.01583976003302,0.007457346088105,-1,0,1,0.0010121457489878
sad,-1.93903561097061,0.12290576809581,-3,0,-2.24399673171702,0.0028645041366691,-3,0,6,0.0060728744939271
saddened,-4.55580405491678,0.0004817787270603,-1,0,-5.65191145646961,1.0036794890067e-06,-1,0,1,0.0010121457489878
sadness,-2.47952400155185,0.0383997719580692,-1,0,-2.61650123386833,0.0003312145638054,-1,0,1,0.0010121457489878
safe,2.23447087661744,0.043922160616998,0,0,2.69588549549601,0.0002107729042398,0,0,1,0.0010121457489878
safety,1.66918291904636,0.127328095327951,0,1,2.17545214353718,0.0041853476699055,0,2,2,0.0020242914979757
satiated,1.31184923593971,0.226620683563717,0,1,-0.480458360747555,0.6520450491954,0,1,1,0.0010121457489878
satisfied,2.25323400280962,0.0421857497882181,0,3,2.20884749633703,0.0037356988075272,0,3,5,0.0050607287449392
scales,0.175602116069444,0.827151844610301,0,0,1.04857986765327,0.0918809273606314,-1,0,1,0.0010121457489878
scared,-2.7354994956226,0.0195381347936582,-1,0,-1.7280653512828,0.0255316244669202,0,0,1,0.0010121457489878
scattered,-0.718823309699933,0.514644065891271,-2,0,0.26956025913792,0.552785062825381,-2,0,2,0.0020242914979757
secure,3.04066658284348,0.0081721716577604,0,0,3.22268071240418,8.02944397104181e-06,0,0,1,0.0010121457489878
security,2.16157153272188,0.0514981311000213,0,1,2.69616722513236,0.0002107729042398,0,2,2,0.0020242914979757
serene,2.26113314288835,0.0414289557044609,0,1,2.07147152554124,0.005630647584693,0,1,1,0.0010121457489878
serenity,1.74830251655955,0.110114542892359,0,2,-0.433912157174056,0.699920608872736,0,0,4,0.0040485829959514
settled,0.91153731249581,0.365848713450058,0,0,2.18512309035121,0.0040448324004123,0,1,1,0.0010121457489878
sex,0.720307431145319,0.456575677400964,0,0,0.605433255931233,0.279502937270973,-1,0,1,0.0010121457489878
shame,-2.8967763018527,0.0150736519228993,-1,0,-2.13032356627075,0.0043138187734422,-1,0,1,0.0010121457489878
sharing,1.19490411506938,0.264691240058295,0,1,1.63832229359859,0.0215570497012545,0,1,1,0.0010121457489878
sharp,0.397052757282397,0.64811483998924,0,1,0.207812816799538,0.61964222805026,0,0,1,0.0010121457489878
sick,-4.81542009587605,0.000395460038462,0,0,-4.46984198210074,1.0036794890067e-06,0,0,2,0.0020242914979757
silent,-0.225886095993313,0.858630062189604,-1,0,0.235787787519717,0.588672662653952,-1,0,1,0.0010121457489878
similar,1.13291976073956,0.284277552724659,0,0,1.90629319624622,0.0092137869567704,0,1,1,0.0010121457489878
simple,2.52674301685272,0.0244984482710166,0,1,2.6692922299382,0.0002448980411167,0,0,1,0.0010121457489878
singing,0.727802811870716,0.453006499997993,0,1,0.345776753141524,0.478189520973409,0,0,2,0.0020242914979757
single,1.6979635629255,0.120974638364843,-1,0,2.36647208032042,0.0015035133835775,-1,0,1,0.0010121457489878
sleep,1.42571911414319,0.191177828542981,-1,0,0.931095657679385,0.121212486186847,-1,0,1,0.0010121457489878
sleepless,-1.11199728539688,0.361135311570318,-1,0,-3.69009147266649,2.00736099276045e-06,-1,0,1,0.0010121457489878
smart,2.22133328039904,0.045180807541443,0,0,2.12808318948861,0.0048618283244658,0,3,3,0.0030364372469635
sociable,4.79095604927784,8.02964545100511e-06,0,0,2.03260107099085,0.0063472754591085,0,0,1,0.0010121457489878
social,0.970127434474156,0.341149524042766,0,1,1.86593423938779,0.0103479459176801,0,0,1,0.0010121457489878
somber,-0.609353894629099,0.570271442164471,0,1,-0.606385374091916,0.530178163324912,0,0,1,0.0010121457489878
soothed,1.02651693657275,0.319995423102093,0,0,0.252803513441329,0.570445824839687,0,1,1,0.0010121457489878
soothing,1.80527085780248,0.0990617359290501,-1,1,1.88715972232858,0.0097477449808447,0,0,2,0.0020242914979757
special,0.762396173720308,0.436104096323627,0,0,1.48451148326038,0.0328223595926262,0,0,1,0.0010121457489878
spiritual,1.58132154793599,0.148255358784633,0,0,1.68084445895221,0.0187949209752161,0,0,2,0.0020242914979757
stability,2.76252805929396,0.0150335036956443,0,1,2.55708895152394,0.0004135163645086,0,1,1,0.0010121457489878
stable,1.01024021598367,0.32584501981315,-1,0,2.39739016775818,0.001206423956649,-1,0,1,0.0010121457489878
steady,1.7129611837809,0.11777683206398,0,0,2.54612346211229,0.0004376046964217,0,1,1,0.0010121457489878
strain,-0.217213268301658,0.865409090361615,-1,0,1.12690680383099,0.0749508447476898,-1,0,1,0.0010121457489878
strength,3.02197099251425,0.0084692685394476,0,1,2.77500859990957,0.0001144195765873,0,0,1,0.0010121457489878
stress,-1.84547636979742,0.145804309510714,-1,0,-1.6608664406418,0.0320515329714061,-1,0,3,0.0030364372469635
stressed,0.247683593488198,0.767947261288678,0,1,1.70227244498166,0.0176105779894874,-1,1,3,0.0030364372469635
striving,-1.40197062039318,0.270205599071773,-1,0,-2.40709759968108,0.0016701243459767,0,0,2,0.0020242914979757
strong,2.00298247617108,0.0700947899645491,-1,3,1.63695958098969,0.021645373584936,-1,0,6,0.0060728744939271
struggle,-1.61021968351419,0.205817879611526,-1,0,-0.506806076818392,0.625899172264695,0,0,1,0.0010121457489878
struggling,-2.65241640488432,0.0236352613850335,-1,0,-1.9278935752669,0.0116386790360251,-1,0,1,0.0010121457489878
stumbling,-3.28575994832913,0.0091096327641653,-1,0,-2.86322351666558,0.0001264637425439,-1,0,1,0.0010121457489878
stymied,-3.5560886181372,0.0067027465402265,-1,0,-4.32534580011667,1.0036794890067e-06,-1,0,1,0.0010121457489878
succulent,0.612493298293614,0.511887890090213,0,1,-3.07744778941921,5.21913858117718e-05,0,0,1,0.0010121457489878
suitable,2.2546758366493,0.0420231494678352,-1,0,3.44319291138289,4.01472198552091e-06,-1,0,1,0.0010121457489878
sunshine,1.86766667649641,0.0882096701020166,0,1,1.98041428831404,0.0073730369264091,0,0,1,0.0010121457489878
support,3.04234147256364,0.0081500901327701,0,0,4.0096554897667,1.0036794890067e-06,0,1,1,0.0010121457489878
supported,2.22107524580431,0.0452069038891588,0,0,3.46105905054602,4.01472198552091e-06,0,0,1,0.0010121457489878
sureness,1.45121045739112,0.18350148749182,0,1,0.40313948197464,0.427806767416115,0,1,1,0.0010121457489878
surrender,1.91002688197306,0.0819846874661249,0,0,1.68797760028825,0.0183673530837581,-1,0,1,0.0010121457489878
sweet,1.6430012499356,0.133392485054822,0,1,0.87307487555128,0.139684222042229,0,0,1,0.0010121457489878
sympathetic,1.33161698425397,0.220453915857345,-1,1,2.6478482996843,0.0002730010950154,-1,1,2,0.0020242914979757
synergy,-0.223880277658503,0.860203872698001,0,1,-0.841772836029959,0.331086092701938,0,0,1,0.0010121457489878
talkative,2.47613690751664,0.027053882935799,0,1,-0.457852275410202,0.675051413533427,0,0,1,0.0010121457489878
tearful,-1.83512566762908,0.148269410664172,-1,0,-3.67637409525914,2.00736099276045e-06,-1,0,1,0.0010121457489878
tense,-1.71032226908206,0.180159147572839,-1,0,-1.15284868116106,0.153956558700756,-2,0,3,0.0030364372469635
tension,-1.79067235376397,0.159671507204599,-1,0,-2.01513272538427,0.0074874565029964,-1,0,1,0.0010121457489878
testing,-0.268468043428135,0.824373587284253,-1,0,0.768093072076546,0.184775572022607,-1,0,1,0.0010121457489878
textured,1.29205471096338,0.233020310988168,-1,0,0.335550847298101,0.487437433067057,-1,0,1,0.0010121457489878
thankful,-0.38801183423684,0.724416545887416,0,0,0.190869953296248,0.638822562336086,0,0,1,0.0010121457489878
thinking,-0.663367467846212,0.541724045174785,0,1,0.112949309094296,0.724585053390784,0,1,1,0.0010121457489878
thoughtful,0.211243096456651,0.797642897577857,0,2,1.19264659258488,0.0633021289067009,0,2,2,0.0020242914979757
thrifty,-1.60018607396089,0.208560003533044,0,0,-3.93617989747226,2.00736099276045e-06,0,0,1,0.0010121457489878
tired,-1.85616615122194,0.143146496866431,0,0,-1.02393313203003,0.215148951204065,-1,0,4,0.0040485829959514
together,1.44542452289157,0.185268009491041,0,0,1.81452131011045,0.0121766517820849,0,2,3,0.0030364372469635
torn,-1.51170424634402,0.235118055862243,0,0,-0.254895764171662,0.899287687951719,0,0,1,0.0010121457489878
trained,0.0466345480542419,0.93121805706669,0,1,1.32556533363545,0.0464121935136144,0,0,1,0.0010121457489878
tranquil,2.69794594252232,0.0171131818674546,0,0,-0.497617031900372,0.634833936043471,0,1,2,0.0020242914979757
tranquillity,1.51378826455522,0.165637533774696,-1,2,-2.10417743622002,0.0048236884656033,-1,1,4,0.0040485829959514
transcendent,-1.05451264129419,0.380442594057259,0,0,-3.60626624492773,2.00736099276045e-06,-1,0,1,0.0010121457489878
transient,0.211171933099009,0.797729216266456,0,0,0.753687977196414,0.192277080052553,0,0,1,0.0010121457489878
trust,1.89475932094086,0.0840784175174745,-1,0,3.01019174938554,1.80662489348441e-05,0,0,2,0.0020242914979757
trusting,1.94562889761998,0.0772873448772869,0,0,2.29064476685279,0.0024911349920157,0,0,1,0.0010121457489878
trustworthy,2.22640340674227,0.0446729324666669,-1,2,0.513162142356793,0.342644477298253,0,1,3,0.0030364372469635
trying,-0.721623399271402,0.51332318921458,-1,0,0.21007369744501,0.617076820701512,-1,0,2,0.0020242914979757
tune,1.44623148631583,0.185039164595687,-1,0,2.62197973161246,0.0003151556758633,-1,0,1,0.0010121457489878
tusk,-1.29787866891703,0.30233622534397,0,1,-2.37748288832201,0.0019090003041151,0,0,1,0.0010121457489878
tv,1.35263915030969,0.213454072435432,-1,0,1.9429164616511,0.008270327290173,0,0,1,0.0010121457489878
twisted,-1.48564036223038,0.243519072415358,-1,0,-0.0605407282698074,0.899333857254552,-1,0,1,0.0010121457489878
ugly,-2.87256784621927,0.0156136455794794,-1,0,-2.67219836323996,0.0002268317921819,-1,0,1,0.0010121457489878
unafraid,1.27508583290017,0.238394151206253,0,0,-1.39789511198704,0.0755891855433876,0,0,1,0.0010121457489878
unanimity,-2.17343622448922,0.078578110383536,0,1,-4.96694206702543,1.0036794890067e-06,0,1,1,0.0010121457489878
unbalanced,-5.66958399432625,4.01482272550256e-06,-2,0,-8.10388289144466,1.0036794890067e-06,-2,0,2,0.0020242914979757
uncaring,-4.08925959056883,0.0028505241351068,-1,0,-7.13773772022936,1.0036794890067e-06,-1,0,1,0.0010121457489878
uncertain,-2.14457315835887,0.0832051935746777,-1,0,-1.62591169740152,0.035823364276803,0,0,1,0.0010121457489878
uncertainty,-1.34544059609553,0.287965167398034,-2,0,-1.19956186680241,0.136117141558094,-2,0,2,0.0020242914979757
uncommitted,-2.01968197513177,0.105973253251003,-1,0,-4.96881211467961,1.0036794890067e-06,-1,0,1,0.0010121457489878
undecided,-3.39998898516706,0.0077285337465924,-1,0,-6.24527454597341,1.0036794890067e-06,-1,0,1,0.0010121457489878
underpaid,-1.04125273796347,0.385049603134774,0,0,-3.25147924347176,3.21177758841672e-05,0,0,1,0.0010121457489878
understanding,1.27941602682587,0.237073274529563,0,2,2.63648627435722,0.000293074704943,0,2,3,0.0030364372469635
understated,0.257933960735382,0.759409740762897,-1,0,-2.16798490608213,0.003703581031643,-1,0,1,0.0010121457489878
unease,-2.34109539118824,0.0554025462005725,-1,0,-1.24088463881915,0.121232559796775,-1,0,1,0.0010121457489878
unfit,-0.664813564280746,0.540967251091028,-1,0,0.338323196758093,0.48493826863107,-1,0,1,0.0010121457489878
unfocused,-4.90749152097173,0.0003894378043737,-1,0,-7.59363798882164,1.0036794890067e-06,-1,0,1,0.0010121457489878
unfulfilled,-2.01552082678312,0.106790269675642,-1,0,-5.26564393181702,1.0036794890067e-06,-1,0,1,0.0010121457489878
unhappy,-2.05595427730339,0.0988449355018729,-1,0,-1.94495439839785,0.0107132856183625,-2,0,2,0.0020242914979757
unharmonious,-3.0830956725013,0.0120685571128607,0,0,-6.67354403094243,1.0036794890067e-06,0,0,1,0.0010121457489878
unique,1.24699858053284,0.247742665922586,-1,1,1.38139655035166,0.0411669592395314,-1,0,2,0.0020242914979757
uniqueness,1.1976932725633,0.263747756717802,0,0,-0.256810537340104,0.897103679191596,0,0,1,0.0010121457489878
united,1.29928007398629,0.230667624871024,0,0,1.27903383659812,0.0515349787671391,0,0,1,0.0010121457489878
unity,2.70350630673951,0.0169184629652678,0,3,2.67263224457422,0.0002408833191312,0,4,5,0.0050607287449392
universe,0.81219272295871,0.411651818513953,0,0,1.62085111565407,0.0227353706040049,0,1,2,0.0020242914979757
unmotivated,-1.64419227817891,0.196788543301871,-1,0,-4.40051374945085,1.0036794890067e-06,-1,0,1,0.0010121457489878
unpeaceful,-1.885985535551,0.135869630676457,0,0,-4.85098619967237,1.0036794890067e-06,-1,0,1,0.0010121457489878
unquarrelsome,-2.83236733680704,0.0166213660835806,-1,0,-6.05897260686485,1.0036794890067e-06,-1,0,1,0.0010121457489878
unrelenting,-2.53894318552796,0.032186833790354,0,1,-6.13461220265608,1.0036794890067e-06,0,0,1,0.0010121457489878
unsatisfied,-4.18852651136463,0.0021499375695066,-1,0,-7.76473570518699,1.0036794890067e-06,-1,0,1,0.0010121457489878
unsearching,-3.04218549797275,0.01262260264898,0,0,-5.02212491743418,1.0036794890067e-06,0,1,1,0.0010121457489878
unseen,-2.20595339161525,0.073493337401687,-1,0,-1.50220591260822,0.0541746584726191,-1,0,1,0.0010121457489878
unstable,-0.913997407394578,0.431049434512219,-1,0,-0.650336740399486,0.489432749893861,0,0,1,0.0010121457489878
unsure,-1.45980019142208,0.251763510882177,-3,0,-0.522339289931596,0.610570963723976,-3,0,5,0.0050607287449392
unthrill,-1.30253189427975,0.300880852105975,0,0,-3.04488751173237,5.82134687900531e-05,-1,0,1,0.0010121457489878
untroubled,-1.48067781735112,0.245169164555539,0,0,-4.80067094439316,1.0036794890067e-06,0,0,1,0.0010121457489878
unwanted,-2.96410890981307,0.0139314348574939,-1,0,-1.70187727851458,0.0278942883553992,-1,0,1,0.0010121457489878
upset,-2.30201966285729,0.0604130449619997,-1,0,-1.59609636307942,0.0395128937814967,-2,0,2,0.0020242914979757
usefulness,3.02856049437829,0.0083428016235943,0,0,2.07262711172797,0.0056266328627075,0,1,1,0.0010121457489878
valient,-0.72887099644312,0.509812226741128,0,0,-1.07232816437609,0.190133218512285,0,0,1,0.0010121457489878
value,0.997558775204838,0.33037574725888,0,0,2.34888999719183,0.0017002347608681,0,1,2,0.0020242914979757
vigilance,2.64774135274159,0.0189539780870976,0,0,-0.618014018717256,0.519282207856209,0,0,1,0.0010121457489878
waiting,-0.693762344191089,0.526744741585935,-1,0,-1.23209410182853,0.12435601350151,-1,0,1,0.0010121457489878
wanted,-0.804272694397347,0.475798648610671,0,2,0.0857198609756403,0.753460941271643,0,2,2,0.0020242914979757
warm,2.20882954918883,0.0464193803522605,0,1,1.21000854651061,0.0604958382388218,-1,0,2,0.0020242914979757
wealth,0.932830136555679,0.356417894867852,0,1,1.20258261359981,0.0617383946933405,0,0,1,0.0010121457489878
welcoming,0.990229510738703,0.333182108344006,0,0,2.50828779758118,0.0005319506630815,0,1,1,0.0010121457489878
well,1.97768545751395,0.0731560922927448,0,1,2.07771352520644,0.0055583825889536,0,0,1,0.0010121457489878
will,0.229479284297128,0.78262143835039,0,1,1.31393123629896,0.0475764628894155,0,1,1,0.0010121457489878
wisdom,1.85338464446928,0.0905041412896414,0,0,2.19788660547017,0.0038782214380131,0,0,1,0.0010121457489878
wise,2.0169539026401,0.0684467052357303,0,0,2.1016793591147,0.0052151238591916,0,0,1,0.0010121457489878
witty,1.76926736796857,0.105892956796493,0,1,2.52199024707278,0.0004978255262045,0,0,1,0.0010121457489878
wonder,-1.89479344513915,0.133615307716088,-1,0,-1.28021967195446,0.108094382099158,-1,0,1,0.0010121457489878
working,-0.174390466536959,0.898505281499295,-1,0,1.05687560614493,0.0900542288572194,0,0,1,0.0010121457489878
worried,-2.05333197457947,0.099368869867551,-2,0,-1.15137506248411,0.154568803803548,-2,0,3,0.0030364372469635
worries,-1.05497590467979,0.380324156786857,0,0,0.524066322246304,0.334910115393147,0,1,1,0.0010121457489878
worrisome,-3.34253540153741,0.0084050313758396,0,1,-7.21096693020098,1.0036794890067e-06,0,0,1,0.0010121457489878
worthless,-1.44060867456439,0.25807681961803,-1,0,0.123210828368407,0.713402045300116,-1,0,1,0.0010121457489878
yes,1.37590157721172,0.206396014083998,0,0,1.74493251284415,0.0153241938187333,-1,0,1,0.0010121457489878
yoga,1.99105579673602,0.0715200520321025,0,1,2.40602055146698,0.0011502178488517,0,0,1,0.0010121457489878
young,1.23042173083708,0.253228921176985,0,0,1.54339399750552,0.0283640108277052,0,0,1,0.0010121457489878
zenlike,-0.422235608340392,0.696874861990469,0,0,-0.893398190503509,0.294445732501081,0,0,1,0.0010121457489878
